USE CoastalServices

INSERT INTO ZipCode VALUES('31414', 'New York', 'Buffaloo')
INSERT INTO ZipCode VALUES('31415', 'New York', 'Bison')
INSERT INTO ZipCode VALUES('49696', 'Michigan', 'Traverse City')
INSERT INTO ZipCode VALUES('49686', 'Michigan', 'Traverse City')
INSERT INTO ZipCode VALUES('64141', 'California', 'Los Santos')
INSERT INTO ZipCode VALUES('14151', 'Florida', 'Man')
INSERT INTO ZipCode VALUES('41511', 'Florida', 'Woman')
INSERT INTO ZipCode VALUES('42556', 'Wisconsion', 'Taco Bay')
INSERT INTO ZipCode VALUES('42566', 'Wisconsion', 'Taco Bay')
INSERT INTO ZipCode VALUES('42561', 'Wisconsion', 'Burrito Lake')

INSERT INTO EstablishmentType VALUES('F', 'Food')
INSERT INTO EstablishmentType VALUES('W', 'Washing')
INSERT INTO EstablishmentType VALUES('P', 'Printing')
INSERT INTO EstablishmentType VALUES('E', 'Entertainment')
INSERT INTO EstablishmentType VALUES('U', 'Useless')
INSERT INTO EstablishmentType VALUES('D', 'Undiserable')

INSERT INTO Ownership VALUES('VF', 'Victor', 'Frankenstein')
INSERT INTO Ownership VALUES('VV', 'Victor', 'Vance')
INSERT INTO Ownership VALUES('WW', 'Walter', 'White')
INSERT INTO Ownership VALUES('MB', 'Mister', 'Big')
INSERT INTO Ownership VALUES('MU', 'Mister', 'Unused')
INSERT INTO Ownership VALUES('MS', 'Mister', 'Useless')

INSERT INTO Corporation VALUES('1', 'Northern East Coast Services', '31414', 'VF')
INSERT INTO Corporation VALUES('2', 'Northern East Coast Services', '31415', 'VF')
INSERT INTO Corporation VALUES('3', 'Awesome Midwest Services', '49696', 'WW')
INSERT INTO Corporation VALUES('4', 'Awesome Midwest Services', '49686', 'WW')
INSERT INTO Corporation VALUES('5', 'West Coast Services', '64141', 'VV')
INSERT INTO Corporation VALUES('6', 'Southern East Coast Services', '14151', 'WW')
INSERT INTO Corporation VALUES('7', 'Southern East Coast Services', '41511', 'WW')
INSERT INTO Corporation VALUES('8', 'Lame Midwest Services', '42556', 'WW')
INSERT INTO Corporation VALUES('9', 'Lame Midwest Services', '42566', 'WW')
INSERT INTO Corporation VALUES('10', 'Weak Midwest Services', '42561', 'WW')



INSERT INTO Subsidiaries VALUES('1', 'Sail the Seas', '1', 'E')
INSERT INTO Subsidiaries VALUES('2', 'John''s General Store', '2', 'F')
INSERT INTO Subsidiaries VALUES('3', 'General Insurance Store', '3', 'P')
INSERT INTO Subsidiaries VALUES('4', 'General Insurance Store', '4', 'F')
INSERT INTO Subsidiaries VALUES('5', 'Tom''s Laundry', '5', 'W')
INSERT INTO Subsidiaries VALUES('6', 'Tim''s Laundry', '5', 'W')
INSERT INTO Subsidiaries VALUES('7', 'Todd''s Laundry', '5', 'W')
INSERT INTO Subsidiaries VALUES('8', 'The Dish Worsh', '6', 'W')
INSERT INTO Subsidiaries VALUES('9', 'Billy Bob''s Arcade', '7', 'E')
INSERT INTO Subsidiaries VALUES('10', 'Taco Bay Tacos', '8', 'F')
INSERT INTO Subsidiaries VALUES('11', 'Taco taco', '9', 'F')
INSERT INTO Subsidiaries VALUES('12', 'Gary''s Gaming Palace', '10', 'E')



INSERT INTO Employees VALUES('1', 'Fred', 'Flintstone', '1', '45000', 'Captain')
INSERT INTO Employees VALUES('2', 'Barney', 'Rubble', '2', '50000', 'Manager')
INSERT INTO Employees VALUES('3', 'Wilma', 'Flintstone', '2', '29900', 'Clerk')
INSERT INTO Employees VALUES('4', 'Ned', 'Flanders', '3', '52532', 'Clerk')
INSERT INTO Employees VALUES('5', 'Bob', 'Builder', '4', '125', 'Clerk')
INSERT INTO Employees VALUES('6', 'Frank', 'Frankman', '4', '16434', 'Manager')
INSERT INTO Employees VALUES('7', 'Susan', 'Susanman', '5', '123446', 'Manager')
INSERT INTO Employees VALUES('8', 'Blanco', 'White', '6', '123456', 'Manager')
INSERT INTO Employees VALUES('9', 'Negro', 'Black', '7', '13246', 'Captain')
INSERT INTO Employees VALUES('10', 'Gris', 'Grey', '8', '122135', 'Clerk')
INSERT INTO Employees VALUES('11', 'Roja', 'Red', '8', '667', 'Clerk')
INSERT INTO Employees VALUES('12', 'Billy', 'Bob', '9', '4373', 'Clerk')
INSERT INTO Employees VALUES('13', 'Timmy', 'Bilbertson', '10', '34643', 'Clerk')
INSERT INTO Employees VALUES('14', 'Ffffeffe', 'Llllrllr', '11', '7545', 'Captain')
INSERT INTO Employees VALUES('15', 'Adam', 'Sandler', '12', '47543', 'Clerk')




























































